user_id,template_id,attrib_id,tag_name,attrib_type,attrib_digit,attrib_name,attrib_unit,codelist_id,rank
'1','1','1','gml:description','varchar','100','gml_説明','','0','100'
'1','1','2','gml:name','varchar','100','gml_名称','','0','101'
'1','1','3','core:creationDate','varchar','100','core_作成日','','0','200'
'1','1','4','core:terminationDate','varchar','100','core_消滅日','','0','201'
'1','1','5','bldg:class','varchar','10','bldg_分類','','0','400'
'1','1','6','bldg:function','varchar','10','bldg_機能','','0','401'
'1','1','7','bldg:usage','varchar','10','bldg_用途','','0','402'
'1','1','8','bldg:yearOfConstruction','int','10','bldg_建築年','','0','403'
'1','1','9','bldg:yearOfDemolition','int','10','bldg_解体年','','0','404'
'1','1','10','bldg:roofType','varchar','10','bldg_屋根の種別','','0','405'
'1','1','11','bldg:measuredHeight','double','0','bldg_計測高さ','m','0','406'
'1','1','12','bldg:storeysAboveGround','int','10','bldg_地上階数','','0','407'
'1','1','13','bldg:storeysBelowGround','int','10','bldg_地下階数','','0','408'
'1','1','14','bldg:storeyHeightsAboveGround','varchar','100','bldg_地上階高さリスト','m','0','409'
'1','1','15','bldg:storeyHeightsBelowGround','varchar','100','bldg_地下階高さリスト','m','0','410'
'1','1','16','uro:buildingDetails/uro:BuildingDetails/uro:extendedAttribute','varchar','10','uro_拡張属性','','0','500'
'1','1','17','uro:buildingDetails/uro:BuildingDetails/uro:serialNumberOfBuildingCertification','varchar','100','uro_建築確認申請番号','','0','501'
'1','1','18','uro:buildingDetails/uro:BuildingDetails/uro:siteArea','double','0','uro_敷地面積','m2','0','502'
'1','1','19','uro:buildingDetails/uro:BuildingDetails/uro:totalFloorArea','double','0','uro_延べ床面積','m2','0','503'
'1','1','20','uro:buildingDetails/uro:BuildingDetails/uro:buildingFootprintArea','double','0','uro_建築面積','m2','0','504'
'1','1','21','uro:buildingDetails/uro:BuildingDetails/uro:buildingRoofEdgeArea','double','0','uro_水平投影面積','m2','0','505'
'1','1','22','uro:buildingDetails/uro:BuildingDetails/uro:developmentArea','double','0','uro_開発面積','m2','0','506'
'1','1','23','uro:buildingDetails/uro:BuildingDetails/uro:buildingStructureType','varchar','10','uro_構造種別','','0','507'
'1','1','24','uro:buildingDetails/uro:BuildingDetails/uro:fireproofStructureType','varchar','10','uro_耐火構造種別','','0','508'
'1','1','25','uro:buildingDetails/uro:BuildingDetails/uro:implementingBody','varchar','100','uro_事業主体','','0','509'
'1','1','26','uro:buildingDetails/uro:BuildingDetails/uro:urbanPlanType','varchar','10','uro_都市計画区域','','0','510'
'1','1','27','uro:buildingDetails/uro:BuildingDetails/uro:districtsAndZonesType','varchar','10','uro_地域地区','','0','511'
'1','1','28','uro:buildingDetails/uro:BuildingDetails/uro:areaClassificationType','varchar','10','uro_区域区分','','0','512'
'1','1','29','uro:buildingDetails/uro:BuildingDetails/uro:prefecture','varchar','2','uro_都道府県','','0','513'
'1','1','30','uro:buildingDetails/uro:BuildingDetails/uro:city','varchar','3','uro_市区町村','','0','514'
'1','1','31','uro:buildingDetails/uro:BuildingDetails/uro:reference','varchar','100','uro_参照情報','','0','515'
'1','1','32','uro:buildingDetails/uro:BuildingDetails/uro:note','varchar','100','uro_備考','','0','516'
'1','1','33','uro:buildingDetails/uro:BuildingDetails/uro:surveyYear','int','10','uro_調査年','','0','517'
'1','1','34','uro:buildingDetails/uro:BuildingDetails/uro:class','varchar','10','uro_分類','','0','518'
'1','1','35','uro:buildingDetails/uro:BuildingDetails/uro:name','varchar','100','uro_施設名称','','0','519'
'1','1','36','uro:buildingDetails/uro:BuildingDetails/uro:capacity','int','10','uro_収容数','','0','520'
'1','1','37','uro:buildingDetails/uro:BuildingDetails/uro:totalStoreFloorArea','double','0','uro_店舗床面積','m2','0','521'
'1','1','38','uro:buildingDetails/uro:BuildingDetails/uro:inauguralDate','varchar','100','uro_開業日/開校日','','0','522'
'1','1','39','uro:buildingDetails/uro:BuildingDetails/uro:keyTenants','varchar','100','uro_核テナント','','0','523'
'1','1','40','uro:buildingDetails/uro:BuildingDetails/uro:availability','varchar','100','uro_利用可能性','','0','524'
'1','1','41','uro:buildingDetails/uro:BuildingDetails/uro:landUsePlanType','varchar','10','uro_土地利用用途','','0','525'
'1','1','42','uro:buildingDetails/uro:BuildingDetails/uro:key','varchar','10','uro_属性名称','','0','526'
'1','1','43','uro:buildingDetails/uro:BuildingDetails/uro:codeValue','varchar','100','uro_属性値コード型','m2','0','527'
'1','1','44','uro:buildingDetails/uro:BuildingDetails/uro:stringValue','varchar','100','uro_属性値文字列型','m2','0','528'
'1','1','45','uro:buildingDetails/uro:BuildingDetails/uro:intValue','int','10','uro_属性値整数型','m2','0','529'
'1','1','46','uro:buildingDetails/uro:BuildingDetails/uro:doubleValue','double','0','uro_属性値実数型','m2','0','530'
'1','1','47','uro:buildingDetails/uro:BuildingDetails/uro:measuredValue','double','0','uro_属性値単位付き数値型','m2','0','531'
'1','1','48','uro:buildingDetails/uro:BuildingDetails/uro:dateValue','varchar','100','uro_属性値日付型','','0','532'
'1','1','49','uro:buildingDetails/uro:BuildingDetails/uro:uriValue','varchar','100','uro_属性値URI型','','0','533'
'1','1','50','bldg:lod2MultiSurface','varchar','100','bldg_lod2MultiSurface','','0','411'
'1','1','51','urf:class','varchar','10','urf_分類','','0','534'
'1','1','52','urf:function','varchar','100','urf_機能','','0','535'
'1','1','53','urf:enactmentDate','varchar','100','urf_公示・決定年月日（当初）','','0','536'
'1','1','54','urf:enactmentFiscalYear','int','10','urf_決定年度','','0','537'
'1','1','55','urf:expirationDate','varchar','100','urf_廃止日','','0','538'
'1','1','56','urf:expirationFiscalYear','int','10','urf_廃止年度','','0','539'
'1','1','57','urf:legalGrounds','varchar','100','urf_根拠','','0','540'
'1','1','58','urf:custodian','varchar','100','urf_決定主体','','0','541'
'1','1','59','urf:nominalArea','double','0','urf_公称面積','ha','0','542'
'1','1','60','urf:abstract','varchar','100','urf_概要','','0','543'
'1','1','61','urf:validity','varchar','100','urf_有効区分','','0','544'
'1','1','62','urf:urbanPlanType','varchar','10','urf_都市計画区域','','0','545'
'1','1','63','urf:districtsAndZonesType','varchar','10','urf_用途地域','','0','546'
'1','1','64','urf:landUsePlanType','varchar','10','urf_土地利用計画','','0','547'
'1','1','65','urf:areaClassificationType','varchar','10','urf_区域区分','','0','548'
'1','1','66','urf:prefecture','varchar','2','urf_都道府県','','0','549'
'1','1','67','urf:city','varchar','3','urf_市区町村','','0','550'
'1','1','68','urf:reference','varchar','100','urf_参照情報','','0','551'
'1','1','69','urf:note','varchar','100','urf_備考','','0','552'
'1','1','70','urf:surveyYear','int','10','urf_調査年','','0','553'
'1','1','71','urf:finalPublicationDate','varchar','100','urf_公示・決定年月日（最終）','','0','554'
'1','1','72','urf:appliedArea','varchar','100','urf_適用区域','','0','555'
'1','1','73','luse:class','varchar','10','luse_分類','','0','1000'
'1','1','74','luse:function','varchar','100','luse_機能','','0','1001'
'1','1','75','luse:usage','varchar','10','luse_用途','','0','1002'
'1','1','76','uro:buildingDetails/uro:BuildingDetails/uro:nominalArea','double','0','uro_公称面積','m2','0','556'
'1','1','77','uro:buildingDetails/uro:BuildingDetails/uro:ownerType','varchar','10','uro_所有者区分','','0','557'
'1','1','78','uro:buildingDetails/uro:BuildingDetails/uro:owner','varchar','100','uro_所有者','','0','558'
'1','1','79','uro:buildingDetails/uro:BuildingDetails/uro:areaInSquareMeter','double','0','uro_面積(m2)','m2','0','559'
'1','1','80','uro:buildingDetails/uro:BuildingDetails/uro:areaInHa','double','0','uro_面積(ha)','ha','0','560'
'1','1','81','tran:class','varchar','100','ran_分類','','0','1003'
'1','1','82','tran:function','varchar','100','tran_機能','','0','1004'
'1','1','83','tran:usage','varchar','100','tran_用途','','0','1005'
'1','1','84','uro:buildingDetails/uro:BuildingDetails/uro:weekday12hourTrafficVolume','int','10','uro_平日12時間交通量','台','0','561'
'1','1','85','uro:buildingDetails/uro:BuildingDetails/uro:weekday24hourTrafficVolume','int','10','uro_平日24時間交通量','台','0','562'
'1','1','86','uro:buildingDetails/uro:BuildingDetails/uro:largeVehicleRate','double','0','uro_大型車混入率','％','0','563'
'1','1','87','uro:buildingDetails/uro:BuildingDetails/uro:congestionRate','double','0','uro_混雑度','％','0','564'
'1','1','88','uro:buildingDetails/uro:BuildingDetails/uro:averageTravelSpeedInCongestion','double','0','uro_混雑時平均旅行速度','km/h','0','565'
'1','1','89','uro:buildingDetails/uro:BuildingDetails/uro:observationPointName','varchar','100','uro_観測地点名','','0','566'
'1','1','90','dem:lod','int','10','dem_lod','','0','1006'
'1','1','91','gen:class','varchar','10','gen_分類','','0','300'
'1','1','92','gen:function','varchar','10','gen_機能','','0','301'
'1','1','93','gen:usage','varchar','10','gen_用途','','0','302'
'1','1','94','gml:name','varchar','100','名称','','0','102'
'1','1','95','gen:class','varchar','10','分類','','0','303'
'1','2','1','cpa_notification_date','varchar','100','告示年月日','','0','1007'
'1','2','2','city_code','varchar','10','市区町村コード','','0','1008'
'1','2','3','cpa_cp_authority','varchar','10','都市計画を定める者','','0','1009'
'1','2','4','cpa_number','int','10','告示番号','','0','1010'
'1','2','5','cpa_name','varchar','100','区域名称','','0','1011'
'1','2','6','cpa_area','double','0','都市計画区域内面積','ha','0','1012'
'1','2','7','cpa_population','int','10','都市計画区域内人口','人','0','1013'
'1','2','8','cpa_city_area','double','0','当該市町村内面積','ha','0','1014'
'1','2','9','cpa_city_population','int','10','当該市町村内人口','人','0','1015'
'1','2','10','cpa_type','varchar','10','線確定根拠','','0','1016'
'1','2','11','qpa_notification_date','varchar','100','告示年月日','','0','1017'
'1','2','12','qpa_cp_authority','varchar','10','都市計画を定める者','','0','1018'
'1','2','13','qpa_number','int','10','告示番号','','0','1019'
'1','2','14','qpa_name','varchar','100','区域名称','','0','1020'
'1','2','15','qpa_area','double','0','準都市計画区域内面積','ha','0','1021'
'1','2','16','qpa_population','int','10','準都市計画区域内人口','人','0','1022'
'1','2','17','qpa_city_area','double','0','当該市町村内面積','ha','0','1023'
'1','2','18','qpa_city_population','int','10','当該市町村内人口','人','0','1024'
'1','2','19','qpa_type','varchar','10','線確定根拠','','0','1025'
'1','2','20','upa_notification_date','varchar','100','告示年月日','','0','1026'
'1','2','21','upa_cp_authority','varchar','10','都市計画を定める者','','0','1027'
'1','2','22','upa_number','int','10','告示番号','','0','1028'
'1','2','23','upa_area','double','0','区域内面積','ha','0','1029'
'1','2','24','upa_population','int','10','区域内人口','人','0','1030'
'1','2','25','upa_type','varchar','10','線確定根拠','','0','1031'
'1','2','26','usd_notification_date','varchar','100','告示年月日','','0','1032'
'1','2','27','usd_cp_authority','varchar','10','都市計画を定める者','','0','1033'
'1','2','28','usd_number','int','10','告示番号','','0','1034'
'1','2','29','usd_type','varchar','10','用途地域の種類','','0','1035'
'1','2','30','usd_far','int','10','容積率','%','0','1036'
'1','2','31','usd_bar','int','10','建ぺい率','%','0','1037'
'1','2','32','usd_set_back_dist','double','0','外壁後退距離','m','0','1038'
'1','2','33','usd_area','double','0','用途地域面積','ha','0','1039'
'1','2','34','usd_oblique_stroke','varchar','100','斜線制限','','0','1040'
'1','2','35','usd_shade','varchar','100','日影規制','','0','1041'
'1','2','36','usd_height','int','10','高さ制限','m','0','1042'
'1','2','37','usd_site_area','double','0','敷地面積','㎡','0','1043'
'1','2','38','usd_line_type','varchar','10','線確定根拠','','0','1044'
'1','2','39','suz_notification_date','varchar','100','告示年月日','','0','1045'
'1','2','40','suz_cp_authority','varchar','10','都市計画を定める者','','0','1046'
'1','2','41','suz_number','int','10','告示番号','','0','1047'
'1','2','42','suz_type','varchar','10','特別用途地区の種類','','0','1048'
'1','2','43','suz_name','varchar','100','特別用途地区の名称','','0','1049'
'1','2','44','suz_area','double','0','特別用途地区面積','ha','0','1050'
'1','2','45','suc_notification_date','varchar','100','告示年月日','','0','1051'
'1','2','46','suc_cp_authority','varchar','10','都市計画を定める者','','0','1052'
'1','2','47','suc_number','int','10','告示番号','','0','1053'
'1','2','48','suc_area','double','0','特定用途制限地域面積','ha','0','1054'
'1','2','49','sfa_notification_date','varchar','100','告示年月日','','0','1055'
'1','2','50','sfa_cp_authority','varchar','10','都市計画を定める者','','0','1056'
'1','2','51','sfa_number','int','10','告示番号','','0','1057'
'1','2','52','sfa_area','double','0','特例容積率適用地区面積','ha','0','1058'
'1','2','53','zih_notification_date','varchar','100','告示年月日','','0','1059'
'1','2','54','zih_cp_authority','varchar','10','都市計画を定める者','','0','1060'
'1','2','55','zih_number','int','10','告示番号','','0','1061'
'1','2','56','zih_area','double','0','高層住居誘導地区面積','ha','0','1062'
'1','2','57','zih_max_far','int','10','容積率の最高限度','%','0','1063'
'1','2','58','zih_max_bar','int','10','建ぺい率の最高限度','m','0','1064'
'1','2','59','zih_min_site_area','int','10','敷地面積の最低限度','m','0','1065'
'1','2','60','hgz_notification_date','varchar','100','告示年月日','','0','1066'
'1','2','61','hgz_cp_authority','varchar','10','都市計画を定める者','','0','1067'
'1','2','62','hgz_number','int','10','告示番号','','0','1068'
'1','2','63','hgz_type','varchar','10','高度地区の種類','','0','1069'
'1','2','64','hgz_max_height','int','10','建築物の高さの最高限度','m','0','1070'
'1','2','65','hgz_min_height','int','10','建築物の高さの最低限度','m','0','1071'
'1','2','66','hgz_area','double','0','高度地区面積','ha','0','1072'
'1','2','67','huz_notification_date','varchar','100','告示年月日','','0','1073'
'1','2','68','huz_cp_authority','varchar','10','都市計画を定める者','','0','1074'
'1','2','69','huz_number','int','10','告示番号','','0','1075'
'1','2','70','huz_area','double','0','高度利用地区面積','ha','0','1076'
'1','2','71','huz_max_far','int','10','容積率の最高限度','%','0','1077'
'1','2','72','huz_min_far','int','10','容積率の最低限度','%','0','1078'
'1','2','73','huz_max_bar','int','10','建ぺい率の最高限度','%','0','1079'
'1','2','74','huz_min_ba','int','10','建築面積の最低限度','㎡','0','1080'
'1','2','75','huz_min_set_back','int','10','壁面の位置の制限(最小)','m','0','1081'
'1','2','76','huz_stand_set_back','int','10','壁面の位置の制限(標準又は最大）','m','0','1082'
'1','2','77','huz_open_space_area','int','10','有効空地面積','㎡','0','1083'
'1','2','78','spb_notification_date','varchar','100','告示年月日','','0','1084'
'1','2','79','spb_cp_authority','varchar','10','都市計画を定める者','','0','1085'
'1','2','80','spb_number','int','10','告示番号','','0','1086'
'1','2','81','spb_name','varchar','100','特定街区名称','','0','1087'
'1','2','82','spb_area','double','0','特定街区面積','ha','0','1088'
'1','2','83','spb_far','int','10','容積率','%','0','1089'
'1','2','84','spb_max_height','int','10','高さの最高限度','m','0','1090'
'1','2','85','spb_set_back','double','0','壁面の位置の制限','m','0','1091'
'1','2','86','spb_open_space_area','double','0','有効空地面積','㎡','0','1092'
'1','2','87','sur_notification_date','varchar','100','告示年月日','','0','1093'
'1','2','88','sur_cp_authority','varchar','10','都市計画を定める者','','0','1094'
'1','2','89','sur_number','int','10','告示番号','','0','1095'
'1','2','90','sur_area','double','0','都市再生特別地区面積','ha','0','1096'
'1','2','91','fqp_notification_date','varchar','100','告示年月日','','0','1097'
'1','2','92','fqp_cp_authority','varchar','10','都市計画を定める者','','0','1098'
'1','2','93','fqp_number','int','10','告示番号','','0','1099'
'1','2','94','fqp_type','varchar','10','防火地域の種類','','0','1100'
'1','2','95','fqp_fire_prot_area','double','0','防火地域面積','ha','0','1101'
'1','2','96','fqp_quasi_fire_prot_area','double','0','準防火地域面積','ha','0','1102'
'1','2','97','sdp_notification_date','varchar','100','告示年月日','','0','1103'
'1','2','98','sdp_cp_authority','varchar','10','都市計画を定める者','','0','1104'
'1','2','99','sdp_number','int','10','告示番号','','0','1105'
'1','2','100','sdp_area','double','0','特定防災街区整備地区面積','ha','0','1106'
'1','2','101','ldz_notification_date','varchar','100','告示年月日','','0','1107'
'1','2','102','ldz_cp_authority','varchar','10','都市計画を定める者','','0','1108'
'1','2','103','ldz_number','int','10','告示番号','','0','1109'
'1','2','104','ldz_name','varchar','100','景観地区名称','','0','1110'
'1','2','105','ldz_area','double','0','景観地区面積','ha','0','1111'
'1','2','106','scz_notification_date','varchar','100','告示年月日','','0','1112'
'1','2','107','scz_cp_authority','varchar','10','都市計画を定める者','','0','1113'
'1','2','108','scz_number','int','10','告示番号','','0','1114'
'1','2','109','scz_name','varchar','100','風致地区名称','','0','1115'
'1','2','110','scz_area','double','0','風致地区面積','ha','0','1116'
'1','2','111','scz_max_bar','int','10','建ぺい率の規制','%','0','1117'
'1','2','112','scz_max_height','int','10','高さ制限の規制','m','0','1118'
'1','2','113','scz_road_set_back','int','10','道路との壁面後退距離の規制','m','0','1119'
'1','2','114','scz_adjoin_set_back','double','0','隣地との壁面後退距離の規制','m','0','1120'
'1','2','115','scz_type','varchar','10','風致地区種別','','0','1121'
'1','2','116','ppp_notification_date','varchar','100','告示年月日','','0','1122'
'1','2','117','ppp_cp_authority','varchar','10','都市計画を定める者','','0','1123'
'1','2','118','ppp_number','int','10','告示番号','','0','1124'
'1','2','119','ppp_area','double','0','駐車場整備地区面積','ha','0','1125'
'1','2','120','ptz_notification_date','varchar','100','告示年月日','','0','1126'
'1','2','121','ptz_cp_authority','varchar','10','都市計画を定める者','','0','1127'
'1','2','122','ptz_number','int','10','告示番号','','0','1128'
'1','2','123','ptz_type','varchar','100','臨港地区分区','','0','1129'
'1','2','124','ptz_name','varchar','100','臨港地区名称','','0','1130'
'1','2','125','ptz_area','double','0','臨港地区面積','ha','0','1131'
'1','2','126','ptz_far','int','10','容積率','%','0','1132'
'1','2','127','sph_notification_date','varchar','100','告示年月日','','0','1133'
'1','2','128','sph_cp_authority','varchar','10','都市計画を定める者','','0','1134'
'1','2','129','sph_number','int','10','告示番号','','0','1135'
'1','2','130','sph_name','varchar','100','歴史的風土特別保存地区名称','','0','1136'
'1','2','131','sph_area','double','0','歴史的風土特別保存地区面積','ha','0','1137'
'1','2','132','phl_notification_date','varchar','100','告示年月日','','0','1138'
'1','2','133','phl_cp_authority','varchar','10','都市計画を定める者','','0','1139'
'1','2','134','phl_number','int','10','告示番号','','0','1140'
'1','2','135','phl_type','varchar','10','歴史的風土保存地区の種類','','0','1141'
'1','2','136','phl_name','varchar','100','歴史的風土保存地区名称','','0','1142'
'1','2','137','phl_area','double','0','歴史的風土保存地区面積','ha','0','1143'
'1','2','138','sgc_notification_date','varchar','100','告示年月日','','0','1144'
'1','2','139','sgc_cp_authority','varchar','10','都市計画を定める者','','0','1145'
'1','2','140','sgc_number','int','10','告示番号','','0','1146'
'1','2','141','sgc_name','varchar','100','特別緑地保全地区名称','','0','1147'
'1','2','142','sgc_area','double','0','特別緑地保全地区面積','ha','0','1148'
'1','2','143','sgc_type','varchar','10','指定要件','','0','1149'
'1','2','144','pta_notification_date','varchar','100','告示年月日','','0','1150'
'1','2','145','pta_cp_authority','varchar','10','都市計画を定める者','','0','1151'
'1','2','146','pta_number','int','10','告示番号','','0','1152'
'1','2','147','pta_area','double','0','緑化地域面積','ha','0','1153'
'1','2','148','pta_rate','int','10','最低限度の緑化率','%','0','1154'
'1','2','149','gca_notification_date','varchar','100','告示年月日','','0','1155'
'1','2','150','gca_cp_authority','varchar','10','都市計画を定める者','','0','1156'
'1','2','151','gca_number','int','10','告示番号','','0','1157'
'1','2','152','gca_area','double','0','緑地保全地域面積','ha','0','1158'
'1','2','153','dbz_notification_date','varchar','100','告示年月日','','0','1159'
'1','2','154','dbz_guideline_date','varchar','100','基本方針策定年月日','','0','1160'
'1','2','155','dbz_cp_authority','varchar','10','都市計画を定める者','','0','1161'
'1','2','156','dbz_number','int','10','告示番号','','0','1162'
'1','2','157','dbz_name','varchar','100','流通業務地区名称','','0','1163'
'1','2','158','dbz_area','double','0','流通業務地区面積','ha','0','1164'
'1','2','159','aru_notification_date','varchar','100','告示年月日','','0','1165'
'1','2','160','aru_cp_authority','varchar','10','都市計画を定める者','','0','1166'
'1','2','161','aru_number','int','10','告示番号','','0','1167'
'1','2','162','aru_agr_number','int','10','生産緑地地区番号','','0','1168'
'1','2','163','aru_area','double','0','生産緑地地区面積','ha','0','1169'
'1','2','164','pts_notification_date','varchar','100','告示年月日','','0','1170'
'1','2','165','pts_cp_authority','varchar','10','都市計画を定める者','','0','1171'
'1','2','166','pts_number','int','10','告示番号','','0','1172'
'1','2','167','pts_name','varchar','100','伝統的建造物保存地区名称','','0','1173'
'1','2','168','pts_area','double','0','伝統的建造物保存地区面積','ha','0','1174'
'1','2','169','anp_notification_date','varchar','100','告示年月日','','0','1175'
'1','2','170','anp_cp_authority','varchar','10','都市計画を定める者','','0','1176'
'1','2','171','anp_number','int','10','告示番号','','0','1177'
'1','2','172','anp_type','varchar','10','特定空港','','0','1178'
'1','2','173','anp_area','double','0','航空機騒音障害防止地区面積','ha','0','1179'
'1','2','174','sap_notification_date','varchar','100','告示年月日','','0','1180'
'1','2','175','sap_cp_authority','varchar','10','都市計画を定める者','','0','1181'
'1','2','176','sap_number','int','10','告示番号','','0','1182'
'1','2','177','sap_type','varchar','10','特定空港','','0','1183'
'1','2','178','sap_area','double','0','航空機騒音障害防止特別地区面積','ha','0','1184'
'1','2','179','bre_notification_date','varchar','100','告示年月日','','0','1185'
'1','2','180','bre_cp_authority','varchar','10','都市計画を定める者','','0','1186'
'1','2','181','bre_number','int','10','告示番号','','0','1187'
'1','2','182','bre_name','varchar','100','市街地再開発促進区域名称','','0','1188'
'1','2','183','bre_area','double','0','市街地再開発促進区域面積','ha','0','1189'
'1','2','184','lce_notification_date','varchar','100','告示年月日','','0','1190'
'1','2','185','lce_cp_authority','varchar','10','都市計画を定める者','','0','1191'
'1','2','186','lce_number','int','10','告示番号','','0','1192'
'1','2','187','lce_name','varchar','100','土地区画整理促進区域名称','','0','1193'
'1','2','188','lce_area','double','0','土地区画整理促進区域面積','ha','0','1194'
'1','2','189','rce_notification_date','varchar','100','告示年月日','','0','1195'
'1','2','190','rce_cp_authority','varchar','10','都市計画を定める者','','0','1196'
'1','2','191','rce_number','int','10','告示番号','','0','1197'
'1','2','192','rce_name','varchar','100','住宅街区整備促進区域名称','','0','1198'
'1','2','193','rce_area','double','0','住宅街区整備促進区域面積','ha','0','1199'
'1','2','194','leb_notification_date','varchar','100','告示年月日','','0','1200'
'1','2','195','leb_cp_authority','varchar','10','都市計画を定める者','','0','1201'
'1','2','196','leb_number','int','10','告示番号','','0','1202'
'1','2','197','leb_name','varchar','100','拠点業務市街地整備土地区画整理促進区域名称','','0','1203'
'1','2','198','leb_area','double','0','拠点業務市街地整備土地区画整理促進区域面積','ha','0','1204'
'1','2','199','ipr_notification_date','varchar','100','告示年月日','','0','1205'
'1','2','200','ipr_cp_authority','varchar','10','都市計画を定める者','','0','1206'
'1','2','201','ipr_number','int','10','告示番号','','0','1207'
'1','2','202','ipr_name','varchar','100','遊休土地転換利用促進地区名称','','0','1208'
'1','2','203','ipr_area','double','0','遊休土地転換利用促進地区面積','ha','0','1209'
'1','2','204','rpd_notification_date','varchar','100','告示年月日','','0','1210'
'1','2','205','rpd_expire_date','varchar','100','期間満了の日','','0','1211'
'1','2','206','rpd_cp_authority','varchar','10','都市計画を定める者','','0','1212'
'1','2','207','rpd_number','int','10','告示番号','','0','1213'
'1','2','208','rpd_name','varchar','100','被災市街地復興推進地域名称','','0','1214'
'1','2','209','rpd_area','double','0','被災市街地復興推進地域面積','ha','0','1215'
'1','2','210','rpd_type','varchar','10','面整備事業の種類','ha','0','1216'
'1','2','211','rod_notification_date','varchar','100','告示年月日','','0','1217'
'1','2','212','rod_cp_authority','varchar','10','都市計画を定める者','','0','1218'
'1','2','213','rod_number','int','10','告示番号','','0','1219'
'1','2','214','rod_type_num','varchar','10','路線番号(区分)','','0','1220'
'1','2','215','rod_scale_num','varchar','10','路線番号(規模)','','0','1221'
'1','2','216','rod_road_num','int','10','路線番号(一連番号)','','0','1222'
'1','2','217','rod_name','varchar','100','名称','','0','1223'
'1','2','218','rod_type','varchar','10','道路種別','','0','1224'
'1','2','219','rod_lane','int','10','代表車線数','車線','0','1225'
'1','2','220','rod_width','int','10','代表道路幅員','m','0','1226'
'1','2','221','rod_str','varchar','10','代表構造種別','','0','1227'
'1','2','222','rod_cross_type','varchar','10','代表交差種別','','0','1228'
'1','2','223','rod_traffic_plazas','varchar','10','交通広場の有無','','0','1229'
'1','2','224','rod_length','int','10','延長','m','0','1230'
'1','2','225','rod_start','varchar','100','起点','','0','1231'
'1','2','226','rod_end','varchar','100','終点','','0','1232'
'1','2','227','rod_comp_type','varchar','10','事業進捗','','0','1233'
'1','2','228','rod_pub_use_name','varchar','100','認定道路名','','0','1234'
'1','2','229','urr_notification_date','varchar','100','告示年月日','','0','1235'
'1','2','230','urr_cp_authority','varchar','10','都市計画を定める者','','0','1236'
'1','2','231','urr_number','int','10','告示番号','','0','1237'
'1','2','232','urr_str','varchar','10','構造種別','','0','1238'
'1','2','233','urr_intersect','varchar','10','交差種別','','0','1239'
'1','2','234','urr_railroad_num','int','10','路線番号','','0','1240'
'1','2','235','urr_length','int','10','延長','m','0','1241'
'1','2','236','urr_start','varchar','100','起点','','0','1242'
'1','2','237','urr_end','varchar','100','終点','','0','1243'
'1','2','238','urr_railload_type','varchar','10','鉄道種別','','0','1244'
'1','2','239','urr_comp_type','varchar','10','事業進捗','','0','1245'
'1','2','240','prp_notification_date','varchar','100','告示年月日','','0','1246'
'1','2','241','prp_pub_use_date','varchar','100','供用開始年月日','','0','1247'
'1','2','242','prp_cp_authority','varchar','10','都市計画を定める者','','0','1248'
'1','2','243','prp_number','int','10','告示番号','','0','1249'
'1','2','244','prp_num_upper','int','10','構造(地下階層)','','0','1250'
'1','2','245','prp_num_under','int','10','構造(地上階層)','','0','1251'
'1','2','246','prp_place_num','int','10','駐車場番号','','0','1252'
'1','2','247','prp_name','varchar','100','駐車場名称','','0','1253'
'1','2','248','prp_location','varchar','100','駐車場位置','','0','1254'
'1','2','249','prp_area','int','10','駐車場面積','㎡','0','1255'
'1','2','250','mvt_notification_date','varchar','100','告示年月日','','0','1256'
'1','2','251','mvt_cp_authority','varchar','10','都市計画を定める者','','0','1257'
'1','2','252','mvt_number','int','10','告示番号','','0','1258'
'1','2','253','mvt_type','varchar','10','自動車ターミナル種別','','0','1259'
'1','2','254','mvt_area','int','10','自動車ターミナル面積','ha','0','1260'
'1','2','255','mvt_terminal_num','int','10','自動車ターミナル番号','','0','1261'
'1','2','256','mvt_location','varchar','100','自動車ターミナル位置','','0','1262'
'1','2','257','mvt_name','varchar','100','自動車ターミナル名','','0','1263'
'1','2','258','arp_notification_date','varchar','100','告示年月日','','0','1264'
'1','2','259','arp_cp_authority','varchar','10','都市計画を定める者','','0','1265'
'1','2','260','arp_number','int','10','告示番号','','0','1266'
'1','2','261','arp_name','varchar','100','空港名称','','0','1267'
'1','2','262','arp_location','varchar','100','空港位置','','0','1268'
'1','2','263','arp_area','double','0','空港面積','ha','0','1269'
'1','2','264','rlr_notification_date','varchar','100','告示年月日','','0','1270'
'1','2','265','rlr_cp_authority','varchar','10','都市計画を定める者','','0','1271'
'1','2','266','rlr_number','int','10','告示番号','','0','1272'
'1','2','267','rlr_name','varchar','100','軌道名称','','0','1273'
'1','2','268','rlr_location','varchar','100','軌道位置','','0','1274'
'1','2','269','hrb_notification_date','varchar','100','告示年月日','','0','1275'
'1','2','270','hrb_cp_authority','varchar','10','都市計画を定める者','','0','1276'
'1','2','271','hrb_number','int','10','告示番号','','0','1277'
'1','2','272','hrb_name','varchar','100','港湾名称','','0','1278'
'1','2','273','hrb_location','varchar','100','港湾位置','','0','1279'
'1','2','274','cpk_notification_date','varchar','100','告示年月日','','0','1280'
'1','2','275','cpk_pub_use_date','varchar','100','都市公園供用年月日','','0','1281'
'1','2','276','cpk_cp_authority','varchar','10','都市計画を定める者','','0','1282'
'1','2','277','cpk_number','int','10','告示番号','','0','1283'
'1','2','278','cpk_type_num','varchar','10','番号(区分)','','0','1284'
'1','2','279','cpk_scale_num','varchar','10','番号(規模)','','0','1285'
'1','2','280','cpk_park_num','int','10','番号(一連番号)','','0','1286'
'1','2','281','cpk_type','varchar','10','公園の種別','','0','1287'
'1','2','282','cpk_name','varchar','100','公園名称','','0','1288'
'1','2','283','cpk_location','varchar','100','公園位置','','0','1289'
'1','2','284','cpk_area','int','10','公園面積','㎡','0','1290'
'1','2','285','cpk_urban_park_name','varchar','100','都市公園名称','','0','1291'
'1','2','286','cpk_urban_park_area','int','10','都市公園面積','㎡','0','1292'
'1','2','287','gra_notification_date','varchar','100','告示年月日','','0','1293'
'1','2','288','gra_cp_authority','varchar','10','都市計画を定める者','','0','1294'
'1','2','289','gra_number','int','10','告示番号','','0','1295'
'1','2','290','gra_name','varchar','100','緑地名称','','0','1296'
'1','2','291','gra_location','varchar','100','緑地位置','','0','1297'
'1','2','292','gra_area','int','10','緑地面積','㎡','0','1298'
'1','2','293','plz_notification_date','varchar','100','告示年月日','','0','1299'
'1','2','294','plz_cp_authority','varchar','10','都市計画を定める者','','0','1300'
'1','2','295','plz_number','int','10','告示番号','','0','1301'
'1','2','296','plz_name','varchar','100','広場名称','','0','1302'
'1','2','297','plz_location','varchar','100','広場位置','','0','1303'
'1','2','298','plz_area','int','10','広場面積','㎡','0','1304'
'1','2','299','cmt_notification_date','varchar','100','告示年月日','','0','1305'
'1','2','300','cmt_cp_authority','varchar','10','都市計画を定める者','','0','1306'
'1','2','301','cmt_number','int','10','告示番号','','0','1307'
'1','2','302','cmt_name','varchar','100','墓園名称','','0','1308'
'1','2','303','cmt_location','varchar','100','墓園位置','','0','1309'
'1','2','304','cmt_area','double','0','墓園面積','ha','0','1310'
'1','2','305','osp_notification_date','varchar','100','告示年月日','','0','1311'
'1','2','306','osp_cp_authority','varchar','10','都市計画を定める者','','0','1312'
'1','2','307','osp_number','int','10','告示番号','','0','1313'
'1','2','308','osp_name','varchar','100','その他の公共空地名称','','0','1314'
'1','2','309','osp_location','varchar','100','その他の公共空地位置','','0','1315'
'1','2','310','osp_area','double','0','その他の公共空地面積','㎡','0','1316'
'1','2','311','wtr_notification_date','varchar','100','告示年月日','','0','1317'
'1','2','312','wtr_cp_authority','varchar','10','都市計画を定める者','','0','1318'
'1','2','313','wtr_number','int','10','告示番号','','0','1319'
'1','2','314','wtr_name','varchar','100','水道区域名称','','0','1320'
'1','2','315','wtr_location','varchar','100','水道区域位置','','0','1321'
'1','2','316','wtr_area','int','10','供用給水区域面積','ha','0','1322'
'1','2','317','esf_notification_date','varchar','100','告示年月日','','0','1323'
'1','2','318','esf_cp_authority','varchar','10','都市計画を定める者','','0','1324'
'1','2','319','esf_number','int','10','告示番号','','0','1325'
'1','2','320','esf_name','varchar','100','電気供給施設名称','','0','1326'
'1','2','321','esf_location','varchar','100','電気供給施設位置','','0','1327'
'1','2','322','gsf_notification_date','varchar','100','告示年月日','','0','1328'
'1','2','323','gsf_cp_authority','varchar','10','都市計画を定める者','','0','1329'
'1','2','324','gsf_number','int','10','告示番号','','0','1330'
'1','2','325','gsf_name','varchar','100','ガス供給施設名称','','0','1331'
'1','2','326','gsf_location','varchar','100','ガス供給施設位置','','0','1332'
'1','2','327','swr_notification_date','varchar','100','告示年月日','','0','1333'
'1','2','328','swr_cp_authority','varchar','10','都市計画を定める者','','0','1334'
'1','2','329','swr_number','int','10','告示番号','','0','1335'
'1','2','330','swr_type','varchar','10','下水道の種別','','0','1336'
'1','2','331','swr_sys_type','varchar','10','方式の種別','','0','1337'
'1','2','332','swr_name','varchar','100','下水道区域名称','','0','1338'
'1','2','333','swr_location','varchar','100','下水道区域位置','','0','1339'
'1','2','334','swr_area','int','10','計画排水区域面積','ha','0','1340'
'1','2','335','swr_pub_use_area','int','10','供用排水区域面積','ha','0','1341'
'1','2','336','swr_sect_type','varchar','10','管断面形状','','0','1342'
'1','2','337','swr_material_type','varchar','10','管渠材質','','0','1343'
'1','2','338','ftf_notification_date','varchar','100','告示年月日','','0','1344'
'1','2','339','ftf_pub_use_date','varchar','100','供用開始年月日','','0','1345'
'1','2','340','ftf_cp_authority','varchar','10','都市計画を定める者','','0','1346'
'1','2','341','ftf_number','int','10','告示番号','','0','1347'
'1','2','342','ftf_name','varchar','100','汚物処理場名称','','0','1348'
'1','2','343','ftf_location','varchar','100','汚物処理場位置','','0','1349'
'1','2','344','ftf_area','double','0','汚物処理場計画面積','ha','0','1350'
'1','2','345','ftf_pub_use_area','double','0','汚物処理場供用面積','ha','0','1351'
'1','2','346','ftf_capacity','int','10','処理能力(計画)','kl/日','0','1352'
'1','2','347','ftf_pub_use_cap','int','10','処理能力(供用)','kl/日','0','1353'
'1','2','348','rif_notification_date','varchar','100','告示年月日','','0','1354'
'1','2','349','rif_pub_use_date','varchar','100','供用開始年月日','','0','1355'
'1','2','350','rif_cp_authority','varchar','10','都市計画を定める者','','0','1356'
'1','2','351','rif_number','int','10','告示番号','','0','1357'
'1','2','352','rif_name','varchar','100','ごみ焼却場名称','','0','1358'
'1','2','353','rif_location','varchar','100','ごみ焼却場位置','','0','1359'
'1','2','354','rif_area','double','0','ごみ焼却場計画面積','ha','0','1360'
'1','2','355','rif_pub_use_area','double','0','ごみ焼却場供用面積','ha','0','1361'
'1','2','356','rif_capacity','int','10','処理能力(計画)','t/日','0','1362'
'1','2','357','rif_pub_use_cap','int','10','処理能力(供用)','t/日','0','1363'
'1','2','358','osf_notification_date','varchar','100','告示年月日','','0','1364'
'1','2','359','osf_cp_authority','varchar','10','都市計画を定める者','','0','1365'
'1','2','360','osf_number','int','10','告示番号','','0','1366'
'1','2','361','osf_name','varchar','100','その他の供給施設名称','','0','1367'
'1','2','362','osf_location','varchar','100','その他の供給施設位置','','0','1368'
'1','2','363','osa_notification_date','varchar','100','告示年月日','','0','1369'
'1','2','364','osa_pub_use_date','varchar','100','供給開始年月日','','0','1370'
'1','2','365','osa_cp_authority','varchar','10','都市計画を定める者','','0','1371'
'1','2','366','osa_number','int','10','告示番号','','0','1372'
'1','2','367','osa_name','varchar','100','その他の供給施設名称','','0','1373'
'1','2','368','osa_location','varchar','100','その他の供給施設位置','','0','1374'
'1','2','369','osa_code','varchar','10','面整備事業の種類','','0','1375'
'1','2','370','osa_plan_area','int','10','計画区域面積','ha','0','1376'
'1','2','371','osa_ht_plan_capa','int','10','計画供給能力(暖房)','GJ/時','0','1377'
'1','2','372','osa_ac_plan_capa','int','10','計画供給能力(冷房)','GJ/時','0','1378'
'1','2','373','osa_executor_name','varchar','100','事業者名','','0','1379'
'1','2','374','otf_notification_date','varchar','100','告示年月日','','0','1380'
'1','2','375','otf_cp_authority','varchar','10','都市計画を定める者','','0','1381'
'1','2','376','otf_number','int','10','告示番号','','0','1382'
'1','2','377','otf_name','varchar','100','その他の処理施設名称','','0','1383'
'1','2','378','otf_location','varchar','100','その他の処理施設位置','','0','1384'
'1','2','379','rvr_notification_date','varchar','100','告示年月日','','0','1385'
'1','2','380','rvr_cp_authority','varchar','10','都市計画を定める者','','0','1386'
'1','2','381','rvr_number','int','10','告示番号','','0','1387'
'1','2','382','rvr_name','varchar','100','河川名称','','0','1388'
'1','2','383','rvr_start','varchar','100','河川の起点位置','','0','1389'
'1','2','384','rvr_end','varchar','100','河川の終点位置','','0','1390'
'1','2','385','rvr_str','varchar','10','河川構造','','0','1391'
'1','2','386','rvr_executor','varchar','100','施行者','','0','1392'
'1','2','387','rvr_width','int','10','計画幅員','m','0','1393'
'1','2','388','rvr_length','double','0','計画延長','km','0','1394'
'1','2','389','rvr_repair_width','int','10','改修済幅員','m','0','1395'
'1','2','390','rvr_repair_length','double','0','改修済延長','km','0','1396'
'1','2','391','cnl_notification_date','varchar','100','告示年月日','','0','1397'
'1','2','392','cnl_cp_authority','varchar','10','都市計画を定める者','','0','1398'
'1','2','393','cnl_number','int','10','告示番号','','0','1399'
'1','2','394','cnl_name','varchar','100','運河名称','','0','1400'
'1','2','395','cnl_start','varchar','100','運河の起点位置','','0','1401'
'1','2','396','cnl_end','varchar','100','運河の終点位置','','0','1402'
'1','2','397','cnl_str','varchar','10','運河構造','','0','1403'
'1','2','398','cnl_executor','varchar','100','施行者','','0','1404'
'1','2','399','cnl_width','int','10','計画幅員','m','0','1405'
'1','2','400','cnl_length','double','0','計画延長','km','0','1406'
'1','2','401','cnl_repair_width','int','10','改修済幅員','m','0','1407'
'1','2','402','cnl_repair_length','double','0','改修済延長','km','0','1408'
'1','2','403','owt_notification_date','varchar','100','告示年月日','','0','1409'
'1','2','404','owt_cp_authority','varchar','10','都市計画を定める者','','0','1410'
'1','2','405','owt_number','int','10','告示番号','','0','1411'
'1','2','406','owt_name','varchar','100','その他の水路名称','','0','1412'
'1','2','407','owt_start','varchar','100','その他の水路起点位置','','0','1413'
'1','2','408','owt_end','varchar','100','その他の水路終点位置','','0','1414'
'1','2','409','owt_str','varchar','10','その他の水路構造','','0','1415'
'1','2','410','owt_executor','varchar','100','施行者','','0','1416'
'1','2','411','owt_width','int','10','計画幅員','m','0','1417'
'1','2','412','owt_length','double','0','計画延長','km','0','1418'
'1','2','413','owt_repair_width','int','10','改修済幅員','m','0','1419'
'1','2','414','owt_repair_length','double','0','改修済延長','km','0','1420'
'1','2','415','scl_notification_date','varchar','100','告示年月日','','0','1421'
'1','2','416','scl_cp_authority','varchar','10','都市計画を定める者','','0','1422'
'1','2','417','scl_number','int','10','告示番号','','0','1423'
'1','2','418','scl_name','varchar','100','学校名称','','0','1424'
'1','2','419','scl_location','varchar','100','学校位置','','0','1425'
'1','2','420','scl_area','double','0','学校の計画面積','ha','0','1426'
'1','2','421','scl_comp_area','double','0','学校の完了面積','ha','0','1427'
'1','2','422','scl_executor','varchar','100','施行者','','0','1428'
'1','2','423','lbr_notification_date','varchar','100','告示年月日','','0','1429'
'1','2','424','lbr_cp_authority','varchar','10','都市計画を定める者','','0','1430'
'1','2','425','lbr_number','int','10','告示番号','','0','1431'
'1','2','426','lbr_name','varchar','100','図書館名称','','0','1432'
'1','2','427','lbr_location','varchar','100','図書館位置','','0','1433'
'1','2','428','lbr_area','double','0','図書館計画面積','ha','0','1434'
'1','2','429','lbr_comp_area','double','0','図書館完了面積','ha','0','1435'
'1','2','430','lbr_executor','varchar','100','施行者','','0','1436'
'1','2','431','rsf_notification_date','varchar','100','告示年月日','','0','1437'
'1','2','432','rsf_cp_authority','varchar','10','都市計画を定める者','','0','1438'
'1','2','433','rsf_number','int','10','告示番号','','0','1439'
'1','2','434','rsf_name','varchar','100','研究施設名称','','0','1440'
'1','2','435','rsf_location','varchar','100','研究施設位置','','0','1441'
'1','2','436','rsf_area','double','0','研究施設計画面積','ha','0','1442'
'1','2','437','rsf_comp_area','double','0','研究施設完了面積','ha','0','1443'
'1','2','438','rsf_executor','varchar','100','施行者','','0','1444'
'1','2','439','oec_notification_date','varchar','100','告示年月日','','0','1445'
'1','2','440','oec_cp_authority','varchar','10','都市計画を定める者','','0','1446'
'1','2','441','oec_number','int','10','告示番号','','0','1447'
'1','2','442','oec_name','varchar','100','その他の教育文化施設名称','','0','1448'
'1','2','443','oec_location','varchar','100','その他の教育文化施設位置','','0','1449'
'1','2','444','oec_area','double','0','その他の教育文化施設計画面積','ha','0','1450'
'1','2','445','oec_comp_area','double','0','その他の教育文化施設完了面積','ha','0','1451'
'1','2','446','oec_executor','varchar','100','施行者','','0','1452'
'1','2','447','hsp_notification_date','varchar','100','告示年月日','','0','1453'
'1','2','448','hsp_cp_authority','varchar','10','都市計画を定める者','','0','1454'
'1','2','449','hsp_number','int','10','告示番号','','0','1455'
'1','2','450','hsp_name','varchar','100','病院名称','','0','1456'
'1','2','451','hsp_location','varchar','100','病院位置','','0','1457'
'1','2','452','hsp_area','double','0','病院計画面積','ha','0','1458'
'1','2','453','hsp_comp_area','double','0','病院完了面積','ha','0','1459'
'1','2','454','hsp_executor','varchar','100','施行者','','0','1460'
'1','2','455','nrs_notification_date','varchar','100','告示年月日','','0','1461'
'1','2','456','nrs_cp_authority','varchar','10','都市計画を定める者','','0','1462'
'1','2','457','nrs_number','int','10','告示番号','','0','1463'
'1','2','458','nrs_name','varchar','100','保育所名称','','0','1464'
'1','2','459','nrs_location','varchar','100','保育所位置','','0','1465'
'1','2','460','nrs_area','double','0','保育所計画面積','ha','0','1466'
'1','2','461','nrs_comp_area','double','0','保育所完了面積','ha','0','1467'
'1','2','462','nrs_executor','varchar','100','施行者','','0','1468'
'1','2','463','omd_notification_date','varchar','100','告示年月日','','0','1469'
'1','2','464','omd_cp_authority','varchar','10','都市計画を定める者','','0','1470'
'1','2','465','omd_number','int','10','告示番号','','0','1471'
'1','2','466','omd_name','varchar','100','その他の医療施設名称','','0','1472'
'1','2','467','omd_location','varchar','100','その他の医療施設位置','','0','1473'
'1','2','468','omd_area','double','0','その他の医療施設計画面積','ha','0','1474'
'1','2','469','omd_comp_area','double','0','その他の医療施設完了面積','ha','0','1475'
'1','2','470','omd_executor','varchar','100','施行者','','0','1476'
'1','2','471','osw_notification_date','varchar','100','告示年月日','','0','1477'
'1','2','472','osw_cp_authority','varchar','10','都市計画を定める者','','0','1478'
'1','2','473','osw_number','int','10','告示番号','','0','1479'
'1','2','474','osw_name','varchar','100','その他の社会福祉施設名称','','0','1480'
'1','2','475','osw_location','varchar','100','その他の社会福祉施設位置','','0','1481'
'1','2','476','osw_area','double','0','その他の社会福祉施設計画面積','ha','0','1482'
'1','2','477','osw_comp_area','double','0','その他の社会福祉施設完了面積','ha','0','1483'
'1','2','478','osw_executor','varchar','100','施行者','','0','1484'
'1','2','479','mrk_notification_date','varchar','100','告示年月日','','0','1485'
'1','2','480','mrk_pub_use_date','varchar','100','供用開始年月日','','0','1486'
'1','2','481','mrk_cp_authority','varchar','10','都市計画を定める者','','0','1487'
'1','2','482','mrk_number','int','10','告示番号','','0','1488'
'1','2','483','mrk_name','varchar','100','市場名称','','0','1489'
'1','2','484','mrk_location','varchar','100','市場位置','','0','1490'
'1','2','485','mrk_area','double','0','市場計画面積','ha','0','1491'
'1','2','486','mrk_pub_use_area','double','0','市場供用面積','ha','0','1492'
'1','2','487','mrk_capacity','int','10','処理能力(計画)','t/日','0','1493'
'1','2','488','mrk_pub_use_cap','int','10','処理能力(供用)','t/日','0','1494'
'1','2','489','slh_notification_date','varchar','100','告示年月日','','0','1495'
'1','2','490','slh_pub_use_date','varchar','100','供用開始年月日','','0','1496'
'1','2','491','slh_cp_authority','varchar','10','都市計画を定める者','','0','1497'
'1','2','492','slh_number','int','10','告示番号','','0','1498'
'1','2','493','slh_name','varchar','100','と畜場名称','','0','1499'
'1','2','494','slh_location','varchar','100','と畜場位置','','0','1500'
'1','2','495','slh_area','double','0','と畜場計画面積','ha','0','1501'
'1','2','496','slh_pub_use_area','double','0','と畜場供用面積','ha','0','1502'
'1','2','497','slh_total_weight_cap','int','10','処理能力(総数Ⅰ)','t/日','0','1503'
'1','2','498','slh_total_head_cap','int','10','処理能力(総数Ⅱ)','頭/日','0','1504'
'1','2','499','slh_big_animal_cap','int','10','処理能力(大動物)','頭/日','0','1505'
'1','2','500','slh_med_animal_cap','int','10','処理能力(中動物)','頭/日','0','1506'
'1','2','501','slh_small_animal_cap','int','10','処理能力(小動物)','頭/日','0','1507'
'1','2','502','slh_cattle_cap','int','10','処理能力(牛)','頭/日','0','1508'
'1','2','503','slh_pig_cap','int','10','処理能力(豚)','頭/日','0','1509'
'1','2','504','crm_notification_date','varchar','100','告示年月日','','0','1510'
'1','2','505','crm_pub_use_date','varchar','100','供用開始年月日','','0','1511'
'1','2','506','crm_cp_authority','varchar','10','都市計画を定める者','','0','1512'
'1','2','507','crm_number','int','10','告示番号','','0','1513'
'1','2','508','crm_name','varchar','100','火葬場名称','','0','1514'
'1','2','509','crm_location','varchar','100','火葬場位置','','0','1515'
'1','2','510','crm_area','double','0','火葬場計画面積','ha','0','1516'
'1','2','511','crm_pub_use_area','double','0','火葬場供用面積','ha','0','1517'
'1','2','512','crm_capacity','int','10','処理能力(計画)','体/日','0','1518'
'1','2','513','crm_pub_use_cap','int','10','処理能力(供用)','体/日','0','1519'
'1','2','514','ghu_notification_date','varchar','100','告示年月日','','0','1520'
'1','2','515','ghu_expire_date','varchar','100','完成年月日','','0','1521'
'1','2','516','ghu_cp_authority','varchar','10','都市計画を定める者','','0','1522'
'1','2','517','ghu_number','int','10','告示番号','','0','1523'
'1','2','518','ghu_name','varchar','100','一団地の住宅施設名称','','0','1524'
'1','2','519','ghu_location','varchar','100','一団地の住宅施設位置','','0','1525'
'1','2','520','ghu_area','double','0','一団地の住宅施設面積','ha','0','1526'
'1','2','521','ghu_bar','double','0','建ぺい率','%','0','1527'
'1','2','522','ghu_far','double','0','容積率','%','0','1528'
'1','2','523','ghu_num_low_raise','int','10','低層住宅予定戸数','戸数','0','1529'
'1','2','524','ghu_num_middle_raise','int','10','中層住宅予定戸数','戸数','0','1530'
'1','2','525','ghu_num_height_raise','int','10','高層住宅予定戸数','戸数','0','1531'
'1','2','526','ghu_guideline','varchar','100','公共施設等の配置の方針','','0','1532'
'1','2','527','ggp_notification_date','varchar','100','告示年月日','','0','1533'
'1','2','528','ggp_expire_date','varchar','100','完成年月日','','0','1534'
'1','2','529','ggp_cp_authority','varchar','10','都市計画を定める者','','0','1535'
'1','2','530','ggp_number','int','10','告示番号','','0','1536'
'1','2','531','ggp_name','varchar','100','一団地の官公庁施設名称','','0','1537'
'1','2','532','ggp_location','varchar','100','一団地の官公庁施設位置','','0','1538'
'1','2','533','ggp_area','double','0','一団地の官公庁施設面積','ha','0','1539'
'1','2','534','ggp_bar','double','0','建ぺい率','%','0','1540'
'1','2','535','ggp_far','double','0','容積率','%','0','1541'
'1','2','536','ggp_guideline','varchar','100','公共施設等の配置の方針','','0','1542'
'1','2','537','ggp_user','varchar','100','建築物を使用する機関名称','','0','1543'
'1','2','538','dbc_notification_date','varchar','100','告示年月日','','0','1544'
'1','2','539','dbc_disposal_date','varchar','100','処分年月日','','0','1545'
'1','2','540','dbc_cp_authority','varchar','10','都市計画を定める者','','0','1546'
'1','2','541','dbc_number','int','10','告示番号','','0','1547'
'1','2','542','dbc_name','varchar','100','流通業務団地名称','','0','1548'
'1','2','543','dbc_location','varchar','100','流通業務団地位置','','0','1549'
'1','2','544','dbc_area','double','0','流通業務団地面積','ha','0','1550'
'1','2','545','dbc_bar','double','0','建ぺい率','%','0','1551'
'1','2','546','dbc_far','double','0','容積率','%','0','1552'
'1','2','547','dbc_max_height','int','10','最高限度高さ','m','0','1553'
'1','2','548','dbc_min_height','int','10','最低限度高さ','m','0','1554'
'1','2','549','dbc_set_back_guideline','varchar','100','壁面の位置の制限','','0','1555'
'1','2','550','dbc_guideline','varchar','100','公共施設等の配置の方針','','0','1556'
'1','2','551','dbc_facilities','varchar','10','主な施設','','0','1557'
'1','2','552','dbc_code','varchar','10','面整備事業の区分','','0','1558'
'1','2','553','dbc_executor','varchar','100','施行者','','0','1559'
'1','2','554','teb_notification_date','varchar','100','告示年月日','','0','1560'
'1','2','555','teb_cp_authority','varchar','10','都市計画を定める者','','0','1561'
'1','2','556','teb_number','int','10','告示番号','','0','1562'
'1','2','557','teb_name','varchar','100','防潮堤名称','','0','1563'
'1','2','558','teb_location','varchar','100','防潮堤位置','','0','1564'
'1','2','559','teb_length','double','0','延長(計画)','km','0','1565'
'1','2','560','teb_comp_length','double','0','延長(完了)','km','0','1566'
'1','2','561','ffr_notification_date','varchar','100','告示年月日','','0','1567'
'1','2','562','ffr_cp_authority','varchar','10','都市計画を定める者','','0','1568'
'1','2','563','ffr_number','int','10','告示番号','','0','1569'
'1','2','564','ffr_name','varchar','100','防火水槽名称','','0','1570'
'1','2','565','ffr_location','varchar','100','防火水槽位置','','0','1571'
'1','2','566','ffr_area','double','0','施設面積(計画)','ha','0','1572'
'1','2','567','ffr_comp_area','double','0','施設面積(完了)','ha','0','1573'
'1','2','568','ebm_notification_date','varchar','100','告示年月日','','0','1574'
'1','2','569','ebm_cp_authority','varchar','10','都市計画を定める者','','0','1575'
'1','2','570','ebm_number','int','10','告示番号','','0','1576'
'1','2','571','ebm_name','varchar','100','河岸堤防名称','','0','1577'
'1','2','572','ebm_location','varchar','100','河岸堤防位置','','0','1578'
'1','2','573','ebm_length','double','0','延長(計画)','km','0','1579'
'1','2','574','ebm_comp_length','double','0','延長(完了)','km','0','1580'
'1','2','575','ptc_notification_date','varchar','100','告示年月日','','0','1581'
'1','2','576','ptc_cp_authority','varchar','10','都市計画を定める者','','0','1582'
'1','2','577','ptc_number','int','10','告示番号','','0','1583'
'1','2','578','ptc_name','varchar','100','公衆電気通信施設名称','','0','1584'
'1','2','579','ptc_location','varchar','100','公衆電気通信施設位置','','0','1585'
'1','2','580','ptc_area','double','0','施設面積(計画)','ha','0','1586'
'1','2','581','ptc_comp_area','double','0','施設面積(完了)','ha','0','1587'
'1','2','582','ptc_executor','varchar','100','施行者','','0','1588'
'1','2','583','fpv_notification_date','varchar','100','告示年月日','','0','1589'
'1','2','584','fpv_cp_authority','varchar','10','都市計画を定める者','','0','1590'
'1','2','585','fpv_number','int','10','告示番号','','0','1591'
'1','2','586','fpv_name','varchar','100','防水施設名称','','0','1592'
'1','2','587','fpv_location','varchar','100','防水施設位置','','0','1593'
'1','2','588','fpv_area','double','0','施設面積(計画)','㎡','0','1594'
'1','2','589','fpv_comp_area','double','0','施設面積(完了)','㎡','0','1595'
'1','2','590','fpv_executor','varchar','100','施行者','','0','1596'
'1','2','591','lsp_notification_date','varchar','100','告示年月日','','0','1597'
'1','2','592','lsp_cp_authority','varchar','10','都市計画を定める者','','0','1598'
'1','2','593','lsp_number','int','10','告示番号','','0','1599'
'1','2','594','lsp_name','varchar','100','地すべり防止施設名称','','0','1600'
'1','2','595','lsp_location','varchar','100','地すべり防止施設位置','','0','1601'
'1','2','596','lsp_area','double','0','施設面積(計画)','ha','0','1602'
'1','2','597','lsp_comp_area','double','0','施設面積(完了)','ha','0','1603'
'1','2','598','lsp_facilities','varchar','100','主な施設','','0','1604'
'1','2','599','sct_notification_date','varchar','100','告示年月日','','0','1605'
'1','2','600','sct_cp_authority','varchar','10','都市計画を定める者','','0','1606'
'1','2','601','sct_number','int','10','告示番号','','0','1607'
'1','2','602','sct_name','varchar','100','砂防施設名称','','0','1608'
'1','2','603','sct_location','varchar','100','砂防施設位置','','0','1609'
'1','2','604','sct_area','double','0','施設面積(計画)','ha','0','1610'
'1','2','605','sct_comp_area','double','0','施設面積(完了)','ha','0','1611'
'1','2','606','sct_executor','varchar','100','施行者','','0','1612'
'1','2','607','lcp_notification_date','varchar','100','告示年月日','','0','1613'
'1','2','608','lcp_cp_authority','varchar','10','都市計画を定める者','','0','1614'
'1','2','609','lcp_number','int','10','告示番号','','0','1615'
'1','2','610','lcp_name','varchar','100','土地区画整理事業名称','','0','1616'
'1','2','611','lcp_area','double','0','土地区画整理事業面積','ha','0','1617'
'1','2','612','lcp_comp_type','varchar','10','事業進捗','','0','1618'
'1','2','613','ndp_notification_date','varchar','100','告示年月日','','0','1619'
'1','2','614','ndp_cp_authority','varchar','10','都市計画を定める者','','0','1620'
'1','2','615','ndp_number','int','10','告示番号','','0','1621'
'1','2','616','ndp_name','varchar','100','新住宅市街地開発事業名称','','0','1622'
'1','2','617','ndp_area','double','0','新住宅市街地開発事業面積','ha','0','1623'
'1','2','618','ndp_executor','varchar','100','予定施行者','','0','1624'
'1','2','619','ndp_comp_type','varchar','10','事業進捗','','0','1625'
'1','2','620','iep_notification_date','varchar','100','告示年月日','','0','1626'
'1','2','621','iep_cp_authority','varchar','10','都市計画を定める者','','0','1627'
'1','2','622','iep_number','int','10','告示番号','','0','1628'
'1','2','623','iep_name','varchar','100','工業団地造成事業名称','','0','1629'
'1','2','624','iep_area','double','0','工業団地造成事業面積','ha','0','1630'
'1','2','625','iep_executor','varchar','100','予定施行者','','0','1631'
'1','2','626','iep_comp_type','varchar','10','事業進捗','','0','1632'
'1','2','627','udp_notification_date','varchar','100','告示年月日','','0','1633'
'1','2','628','udp_cp_authority','varchar','10','都市計画を定める者','','0','1634'
'1','2','629','udp_number','int','10','告示番号','','0','1635'
'1','2','630','udp_code','varchar','10','市街地再開発事業種類','','0','1636'
'1','2','631','udp_name','varchar','100','市街地再開発事業名称','','0','1637'
'1','2','632','udp_area','double','0','市街地再開発事業面積','ha','0','1638'
'1','2','633','udp_comp_type','varchar','10','事業進捗','','0','1639'
'1','2','634','udp_executor','varchar','10','施行者','','0','1640'
'1','2','635','udp_site_area','int','10','建築敷地面積','㎡','0','1641'
'1','2','636','udp_floor_area','int','10','施設建築物延床面積','㎡','0','1642'
'1','2','637','udp_num_raise','int','10','住宅建設戸数','戸数','0','1643'
'1','2','638','nbp_notification_date','varchar','100','告示年月日','','0','1644'
'1','2','639','nbp_cp_authority','varchar','10','都市計画を定める者','','0','1645'
'1','2','640','nbp_number','int','10','告示番号','','0','1646'
'1','2','641','nbp_name','varchar','100','新都市基盤整備事業名称','','0','1647'
'1','2','642','nbp_area','double','0','新都市基盤整備事業面積','ha','0','1648'
'1','2','643','nbp_executor','varchar','100','予定施行者','','0','1649'
'1','2','644','nbp_comp_type','varchar','10','事業進捗','','0','1650'
'1','2','645','ncp_notification_date','varchar','100','告示年月日','','0','1651'
'1','2','646','ncp_cp_authority','varchar','10','都市計画を定める者','','0','1652'
'1','2','647','ncp_number','int','10','告示番号','','0','1653'
'1','2','648','ncp_name','varchar','100','住宅街区整備事業名称','','0','1654'
'1','2','649','ncp_area','double','0','住宅街区整備事業面積','ha','0','1655'
'1','2','650','ncp_comp_type','varchar','10','事業進捗','','0','1656'
'1','2','651','ncp_executor','varchar','10','施行者','','0','1657'
'1','2','652','ncp_site_area','int','10','建築敷地面積','㎡','0','1658'
'1','2','653','ncp_floor_area','int','10','延床面積','㎡','0','1659'
'1','2','654','ncp_num_raise','int','10','住宅建設戸数','戸数','0','1660'
'1','2','655','urp_notification_date','varchar','100','告示年月日','','0','1661'
'1','2','656','urp_cp_authority','varchar','10','都市計画を定める者','','0','1662'
'1','2','657','urp_number','int','10','告示番号','','0','1663'
'1','2','658','urp_name','varchar','100','市街地改造事業名称','','0','1664'
'1','2','659','urp_area','double','0','市街地改造事業面積','ha','0','1665'
'1','2','660','urp_num_upper','int','10','建築物の地上階数','','0','1666'
'1','2','661','urp_num_under','int','10','建築物の地下階数','','0','1667'
'1','2','662','urp_guideline','double','0','壁面の位置の限度','m','0','1668'
'1','2','663','urp_far','double','0','容積の限度','%','0','1669'
'1','2','664','urp_use','varchar','100','主な用途','','0','1670'
'1','2','665','urp_site_area','double','0','建築敷地の面積','㎡','0','1671'
'1','2','666','urp_comp_type','varchar','10','事業進捗','','0','1672'
'1','2','667','pip_notification_date','varchar','100','告示年月日','','0','1673'
'1','2','668','pip_cp_authority','varchar','10','都市計画を定める者','','0','1674'
'1','2','669','pip_number','int','10','告示番号','','0','1675'
'1','2','670','pip_name','varchar','100','防災街区整備事業名称','','0','1676'
'1','2','671','pip_area','double','0','防災街区整備事業面積','ha','0','1677'
'1','2','672','pip_comp_type','varchar','10','事業進捗','','0','1678'
'1','2','673','nru_notification_date','varchar','100','告示年月日','','0','1679'
'1','2','674','nru_cp_authority','varchar','10','都市計画を定める者','','0','1680'
'1','2','675','nru_number','int','10','告示番号','','0','1681'
'1','2','676','nru_name','varchar','100','新住宅市街地開発事業の予定区域名称','','0','1682'
'1','2','677','nru_area','double','0','新住宅市街地開発事業の予定区域面積','ha','0','1683'
'1','2','678','nru_executor','varchar','100','施行予定者','','0','1684'
'1','2','679','ieu_notification_date','varchar','100','告示年月日','','0','1685'
'1','2','680','ieu_cp_authority','varchar','10','都市計画を定める者','','0','1686'
'1','2','681','ieu_number','int','10','告示番号','','0','1687'
'1','2','682','ieu_name','varchar','100','工業団地行政事業の予定区域名称','','0','1688'
'1','2','683','ieu_area','double','0','工業団地行政事業の予定区域面積','ha','0','1689'
'1','2','684','ieu_executor','varchar','100','施行予定者','','0','1690'
'1','2','685','nbu_notification_date','varchar','100','告示年月日','','0','1691'
'1','2','686','nbu_cp_authority','varchar','10','都市計画を定める者','','0','1692'
'1','2','687','nbu_number','int','10','告示番号','','0','1693'
'1','2','688','nbu_name','varchar','100','新都市基盤整備事業の予定区域名称','','0','1694'
'1','2','689','nbu_area','double','0','新都市基盤整備事業の予定区域面積','ha','0','1695'
'1','2','690','nbu_executor','varchar','100','施行予定者','','0','1696'
'1','2','691','phu_notification_date','varchar','100','告示年月日','','0','1697'
'1','2','692','phu_cp_authority','varchar','10','都市計画を定める者','','0','1698'
'1','2','693','phu_number','int','10','告示番号','','0','1699'
'1','2','694','phu_name','varchar','100','一団地の住宅施設の予定区域名称','','0','1700'
'1','2','695','phu_area','double','0','一団地の住宅施設の予定区域面積','ha','0','1701'
'1','2','696','phu_executor','varchar','100','施行予定者','','0','1702'
'1','2','697','pgu_notification_date','varchar','100','告示年月日','','0','1703'
'1','2','698','pgu_cp_authority','varchar','10','都市計画を定める者','','0','1704'
'1','2','699','pgu_number','int','10','告示番号','','0','1705'
'1','2','700','pgu_name','varchar','100','一団地の官公庁施設の予定区域名称','','0','1706'
'1','2','701','pgu_area','double','0','一団地の官公庁施設の予定区域面積','ha','0','1707'
'1','2','702','pgu_executor','varchar','100','施行予定者','','0','1708'
'1','2','703','dbu_notification_date','varchar','100','告示年月日','','0','1709'
'1','2','704','dbu_cp_authority','varchar','10','都市計画を定める者','','0','1710'
'1','2','705','dbu_number','int','10','告示番号','','0','1711'
'1','2','706','dbu_name','varchar','100','流通業務団地の予定区域名称','','0','1712'
'1','2','707','dbu_area','double','0','流通業務団地の予定区域面積','ha','0','1713'
'1','2','708','dbu_executor','varchar','100','施行予定者','','0','1714'
'1','2','709','dbu_code','varchar','10','面整備事業の区分','','0','1715'
'1','2','710','dst_notification_date','varchar','100','告示年月日','','0','1716'
'1','2','711','dst_cp_authority','varchar','10','都市計画を定める者','','0','1717'
'1','2','712','dst_number','int','10','告示番号','','0','1718'
'1','2','713','dst_name','varchar','100','地区計画名称','','0','1719'
'1','2','714','dst_location','varchar','100','地区計画位置','','0','1720'
'1','2','715','dst_area','double','0','地区計画面積','ha','0','1721'
'1','2','716','dst_guideline','varchar','100','整備、土地利用に関する計画','','0','1722'
'1','2','717','dst_facilities','varchar','10','地区施設','','0','1723'
'1','2','718','dst_hous_use_guideline','varchar','100','建築物の用途制限','','0','1724'
'1','2','719','dst_max_far','int','10','最高容積率','%','0','1725'
'1','2','720','dst_min_far','int','10','最低容積率','%','0','1726'
'1','2','721','dst_max_bar','int','10','最高建ぺい率','%','0','1727'
'1','2','722','dst_min_bar','int','10','最低建ぺい率','%','0','1728'
'1','2','723','dst_min_site_area','int','10','最低敷地面積','㎡','0','1729'
'1','2','724','dst_min_ba','int','10','最低建築面積','㎡','0','1730'
'1','2','725','dst_set_back_guideline','varchar','100','壁面の位置の制限','','0','1731'
'1','2','726','dst_max_height','int','10','最高限度高さ','m','0','1732'
'1','2','727','dst_min_height','int','10','最低限度高さ','m','0','1733'
'1','2','728','dst_style_guideline','varchar','100','建築物の形態','','0','1734'
'1','2','729','dst_design_guideline','varchar','100','意匠の制限','','0','1735'
'1','2','730','dst_fence_guideline','varchar','100','垣の構造制限','','0','1736'
'1','2','731','dst_hedge_guideline','varchar','100','さくの構造制限','','0','1737'
'1','2','732','dpi_notification_date','varchar','100','告示年月日','','0','1738'
'1','2','733','dpi_cp_authority','varchar','10','都市計画を定める者','','0','1739'
'1','2','734','dpi_number','int','10','告示番号','','0','1740'
'1','2','735','dpi_name','varchar','100','防災街区整備地区計画名称','','0','1741'
'1','2','736','dpi_location','varchar','100','防災街区整備地区計画位置','','0','1742'
'1','2','737','dpi_area','double','0','防災街区整備地区計画面積','ha','0','1743'
'1','2','738','dpi_guideline','varchar','100','整備、土地利用に関する計画','','0','1744'
'1','2','739','dpi_facilities','varchar','10','地区施設','','0','1745'
'1','2','740','dpi_hous_use_guideline','varchar','100','建築物の用途の制限','','0','1746'
'1','2','741','dpi_max_far','int','10','最高容積率','%','0','1747'
'1','2','742','dpi_min_far','int','10','最低容積率','%','0','1748'
'1','2','743','dpi_max_bar','int','10','最高建ぺい率','%','0','1749'
'1','2','744','dpi_min_bar','int','10','最低建ぺい率','%','0','1750'
'1','2','745','dpi_min_site_area','int','10','最低敷地面積','㎡','0','1751'
'1','2','746','dpi_min_ba','int','10','最低建築面積','㎡','0','1752'
'1','2','747','dpi_set_back_guideline','varchar','100','壁面の位置の制限','','0','1753'
'1','2','748','dpi_max_height','int','10','最高限度高さ','m','0','1754'
'1','2','749','dpi_min_height','int','10','最低限度高さ','m','0','1755'
'1','2','750','dpi_style_guideline','varchar','100','建築物の形態','','0','1756'
'1','2','751','dpi_design_guideline','varchar','100','意匠の制限','','0','1757'
'1','2','752','dpi_fence_guideline','varchar','100','垣の構造制限','','0','1758'
'1','2','753','dpi_hedge_guideline','varchar','100','さくの構造制限','','0','1759'
'1','2','754','rsi_notification_date','varchar','100','告示年月日','','0','1760'
'1','2','755','rsi_cp_authority','varchar','10','都市計画を定める者','','0','1761'
'1','2','756','rsi_number','int','10','告示番号','','0','1762'
'1','2','757','rsi_name','varchar','100','沿道地区計画名称','','0','1763'
'1','2','758','rsi_location','varchar','100','沿道地区計画位置','','0','1764'
'1','2','759','rsi_area','double','0','沿道地区計画面積','ha','0','1765'
'1','2','760','rsi_guideline','varchar','100','整備、土地利用に関する計画','','0','1766'
'1','2','761','rsi_facilities','varchar','10','地区施設','','0','1767'
'1','2','762','rsi_hous_use_guideline','varchar','100','建築物の用途の制限','','0','1768'
'1','2','763','rsi_max_far','int','10','最高容積率','%','0','1769'
'1','2','764','rsi_min_far','int','10','最低容積率','%','0','1770'
'1','2','765','rsi_max_bar','int','10','最高建ぺい率','%','0','1771'
'1','2','766','rsi_min_bar','int','10','最低建ぺい率','%','0','1772'
'1','2','767','rsi_min_site_area','int','10','最低敷地面積','㎡','0','1773'
'1','2','768','rsi_min_ba','int','10','最低建築面積','㎡','0','1774'
'1','2','769','rsi_set_back_guideline','varchar','100','壁面の位置の制限','','0','1775'
'1','2','770','rsi_max_height','int','10','最高限度高さ','m','0','1776'
'1','2','771','rsi_min_height','int','10','最低限度高さ','m','0','1777'
'1','2','772','rsi_style_guideline','varchar','100','建築物の形態','','0','1778'
'1','2','773','rsi_design_guideline','varchar','100','意匠の制限','','0','1779'
'1','2','774','rsi_fence_guideline','varchar','100','垣の構造制限','','0','1780'
'1','2','775','rsi_hedge_guideline','varchar','100','さくの構造制限','','0','1781'
'1','2','776','dcm_notification_date','varchar','100','告示年月日','','0','1782'
'1','2','777','dcm_cp_authority','varchar','10','都市計画を定める者','','0','1783'
'1','2','778','dcm_number','int','10','告示番号','','0','1784'
'1','2','779','dcm_name','varchar','100','集落地区計画名称','','0','1785'
'1','2','780','dcm_location','varchar','100','集落地区計画位置','','0','1786'
'1','2','781','dcm_area','double','0','集落地区計画面積','ha','0','1787'
'1','2','782','dcm_guideline','varchar','100','整備、土地利用に関する計画','','0','1788'
'1','2','783','dcm_facilities','varchar','10','地区施設','','0','1789'
'1','2','784','dcm_hous_use_guideline','varchar','100','建築物の用途の制限','','0','1790'
'1','2','785','dcm_max_far','int','10','最高容積率','%','0','1791'
'1','2','786','dcm_min_far','int','10','最低容積率','%','0','1792'
'1','2','787','dcm_max_bar','int','10','最高建ぺい率','%','0','1793'
'1','2','788','dcm_min_bar','int','10','最低建ぺい率','%','0','1794'
'1','2','789','dcm_min_site_area','int','10','最低敷地面積','㎡','0','1795'
'1','2','790','dcm_min_ba','int','10','最低建築面積','㎡','0','1796'
'1','2','791','dcm_set_back_guideline','varchar','100','壁面の位置の制限','','0','1797'
'1','2','792','dcm_max_height','int','10','最高限度高さ','m','0','1798'
'1','2','793','dcm_min_height','int','10','最低限度高さ','m','0','1799'
'1','2','794','dcm_style_guideline','varchar','100','建築物の形態','','0','1800'
'1','2','795','dcm_design_guideline','varchar','100','意匠の制限','','0','1801'
'1','2','796','dcm_fence_guideline','varchar','100','垣の構造制限','','0','1802'
'1','2','797','dcm_hedge_guideline','varchar','100','さくの構造制限','','0','1803'
'1','2','798','rep_notification_date','varchar','100','告示年月日','','0','1804'
'1','2','799','rep_cp_authority','varchar','10','都市計画を定める者','','0','1805'
'1','2','800','rep_number','int','10','告示番号','','0','1806'
'1','2','801','rep_name','varchar','100','再開発等促進区名称','','0','1807'
'1','2','802','rep_location','varchar','100','再開発等促進区位置','','0','1808'
'1','2','803','rep_area','double','0','再開発等促進区面積','ha','0','1809'
'1','2','804','rep_guideline','varchar','100','整備、土地利用に関する計画','','0','1810'
'1','2','805','rep_facilities','varchar','10','地区施設','','0','1811'
'1','2','806','rep_hous_use_guideline','varchar','100','建築物の用途の制限','','0','1812'
'1','2','807','rep_max_far','int','10','最高容積率','%','0','1813'
'1','2','808','rep_min_far','int','10','最低容積率','%','0','1814'
'1','2','809','rep_max_bar','int','10','最高建ぺい率','%','0','1815'
'1','2','810','rep_min_bar','int','10','最低建ぺい率','%','0','1816'
'1','2','811','rep_min_site_area','int','10','最低敷地面積','㎡','0','1817'
'1','2','812','rep_min_ba','int','10','最低建築面積','㎡','0','1818'
'1','2','813','rep_set_back_guideline','varchar','100','壁面の位置の制限','','0','1819'
'1','2','814','rep_max_height','int','10','最高限度高さ','m','0','1820'
'1','2','815','rep_min_height','int','10','最低限度高さ','m','0','1821'
'1','2','816','rep_style_guideline','varchar','100','建築物の形態','','0','1822'
'1','2','817','rep_design_guideline','varchar','100','意匠の制限','','0','1823'
'1','2','818','rep_fence_guideline','varchar','100','垣の構造制限','','0','1824'
'1','2','819','rep_hedge_guideline','varchar','100','さくの構造制限','','0','1825'
'1','2','820','bbc_number','varchar','100','調査区番号','','0','1826'
'1','2','821','bbc_area','double','0','調査区面積','ha','0','1827'
'1','2','822','bbc_name','varchar','100','調査区名称','','0','1828'
'1','2','823','bbc_type','varchar','10','基礎調査区の種類','','0','1829'
'1','2','824','bbc_cpa_type','varchar','10','都市計画区域の種類','','0','1830'
'1','2','825','bbc_upa_type','varchar','10','市街化区域の種類','','0','1831'
'1','2','826','bbc_usd_type','varchar','10','用途地域の種類','','0','1832'
'1','2','827','lui_type','varchar','10','土地利用の種類','','0','1833'
'1','2','828','lui_area','double','0','土地利用の面積','㎡','0','1834'
'1','2','829','rwi_type','varchar','10','幅員区分コード','','0','1835'
'1','2','830','rwi_area','double','0','道路面積','m','0','1836'
'1','2','831','rwi_length','double','0','道路延長','㎡','0','1837'
'1','2','832','rwi_width','double','0','道路幅員','m','0','1838'
'1','2','833','bui_use_type','varchar','10','建物用途の種類','','0','1839'
'1','2','834','bui_str_type','varchar','10','建物構造の種類','','0','1840'
'1','2','835','bui_first_floor_area','int','10','1階床面積','㎡','0','1841'
'1','2','836','bui_total_floor_area','int','10','延床面積','㎡','0','1842'
'1','2','837','bui_ground','double','0','地上階数','階','0','1843'
'1','2','838','bui_underground','double','0','地下階数','階','0','1844'
